Genre,Count,Average
Adventure,24161,3.3557799
Animation,6988,3.46722915
Children,9208,3.265638
Comedy,39053,3.23188999
Fantasy,11834,3.33107
Romance,18124,3.359523
Drama,41928,3.50660656
Action,30635,3.29417333
Crime,16681,3.509801
Thriller,26452,3.343981
Horror,7291,3.1017693
Mystery,7674,3.474459
Sci-Fi,17243,3.297802
War,4859,3.6703
Musical,4138,3.425809
Documentary,1219,3.617719
IMAX,4145,3.427744
Western,1930,3.462694
Film-Noir,870,3.77471264